Abkhazia
Abyssinia
Aegean
Afghanistan
Afghanistan north of the Hindu Kush
Africa
Akkad
Al-Ain
Alabama
Alagoas (Brazil
Alaska
Alba County
Albania
Algeria
Algiers
Altai region
Amber district
America
America. England. France. Spain and Portugal. Germany. Italy. Ottoman Empire. The World
America. England. France. Spain and Portugal. Germany. The World
Anatolia
Ancient Egypt
Ancient Greece
Ancient Mesopotamia
Ancient Rome
Andorra
Angola
Anguilla
Antigua and Barbuda
Antilles
Antioquia (Colombia
Arab Countries
Arabia
Arad County
Aragon
Aragon (Spain
Arezzo
Arezzo (Italy
Argentina
Argeș (Romania : Județ
Argeș County
Arizona
Arkansas
Armenia
Armenian Kingdom of Cilicia
Aruba
Asia
Asia Minor
Asia. Africa. Europe
Asia. Africa. Greece-Macedon. Rome
Asia. Africa. Greece. Rome
Asia. Africa. Roman Empire
Assyria
Asturias
Athens
Attique (Grèce
Australia
Austria
Austrian Empire
Austro-Hungarian Empire
Autariatae
Avignon
Avon and western Oxfordshire
Azerbaijan
Babylonia
Babylonian empire
Bacău County
Baden Culture
Bahamas
Bahia (Brazil
Bahrain
Balkan Peninsula
Balkans
Baltic States
Banat
Bangladesh
Barbados
Barcelona
Barcelona (Spain
Basque Country
Bat
Bavaria
Bazinul Somesului mijlociu (nordul Transilvaniei
Bazinul Someșului
Bedfordshire
Belarus
Belgium
Belize
Bering Strait
Berkshire
Berkshire and Wiltshire
Berlin
Berlin (Germany
Bethsaida
Bhutan
Bibracte
Bihor County
Bistrița-Năsăud County
Bohemia
Bohemia (Czechoslovakia
Bolivia
Bologna
Bologna (Italy
Bordeaux (Aquitaine
Bosnia and Herzegovina
Boston
Bosut Culture
Botoșani County
Botswana
Brasil
Brazil
Brazil and Portugal
Brașov County
Britain
British Empire
British Isles
British Virgin Islands
Brnjica Culture
Brăila County
Bucharest
Buckinghamshire and Oxfordshire
Bugeac
Bulgaria
Burgundy
Burma
Burundi
Buzău County
Byzantine Empire
Caledonia
California
Calima region of Colombia in the Western Range of the Valle del Cauca department
Cambodia
Cambridgeshire
Campania
Campia Tisei
Canaan
Canada
Caraș-Severin County
Carinthia (Austria
Carolina
Carolina and Georgia
Carthage
Carthage and its settlements established in Sardinia
Castile
Castile (Spain
Castile and León
Castilla y Leon
Catalan area
Catalonia
Catalonia (Spain
Caucasus
Cayman Islands
Central Asia
Central Asia from Afghanistan to south of Delhi
Central Asian Amu Darya region of Uzbekistan and Tajikistan
Central Coast
Central Greece
Central Macedonia
Central Negev
Central Texas
Central Zagros
Central Zagros/Khuzestan
Central and Southern Iraq
Centrul Transilvaniei
Centrul Transilvaniei - bazinul carpatic
Centrul si sud-vestul Transilvaniei
Chad
Charleston
Charleston (S.C
Chechni︠a︡ (Russia
Chiapas (Mexico
Chicago
Chicago (Ill
Chile
Chili
China
China; Leautong
Chiriquí region
Chota Nāgpur (India
Chypre
Cilicia
Clermont-Ferrand
Clermont-Ferrand (France
Cluj County
Coasta de Vest a Mării Negre (Dobrogea
Coastal North Africa
Colombia
Colorado
Comoros
Connecticut
Constantinople
Constanța
Constanța County
Continental Europe
Corea
Corinth
Corsica
Corsica (France
Costa Rica
Covasna County
Crete
Crete (Greece
Crisana
Crisana si Transilvania
Crișana
Croatia
Cruceni-Belegiš Culture
Cuba
Culture of Lepenski vir
Cuneo (Italy : Province
Curaçao
Cyclades
Cyprus
Cyrenaica
Cyrenaica/Egypt
Czech Republic
Câmpia Careilor
Câmpia de Vest
Córdoba
Córdoba (provincia
Côte d'Ivoire
Călărași County
Damascus
Damascus and southern Syria
Dardani
Daylam
De la cursul superior al râului Călmățui din estul Munteniei și până în vestul Olteniei
Delaware
Democratic Republic of the Congo
Denmark
Depresiunea Transilvaniei
Diaspora (especially Egypt
Diyar Bakr
Diyar Bakr (center) to Khurasan
Djibouti
Dobrogea
Dobrogea de sud
Dobruja
Dolj County
Dominica
Dominican Republic
Donauprovinzen
Drava River Valley (Croatia
Drava River Valley/Upper Sava River Valley (Croatia
Drava and Mura River Valley (Croatia
Dura-Europos
Dvaravati kingdom
Dâmbovița County
Earth
East Africa
East Britain
East Greece
East Sussex
Eastern Anatolia
Eastern Arabia
Eastern Croatia
Eastern Croatia (Middle Danube River Valley
Eastern Empire
Eastern Empire and Western Empire
Eastern Europe
Eastern Macedonia
Eastern Mediterranean
Eastern Norway
Eastern Persia to India
Eastern Wiltshire
Ecuador
Egypt
Egypt and Damascus
Egypt and Ethiopia
Egypt and parts of Italy
El Salvador
Elam
Elsewhere
Eluth
Emden
Emden (Lower Saxony
Empire of Trebizond
Empire of the Caliphs
Empoli
Empoli (Italy
England
England. Scotland. France. Spain and Portugal. Germany. Italy. Ottoman Empire. The World
Epirus
Epirus-Northwestern Greece
Eritrea
Essex and Hertfordshire
Estonia
Estul Banatului
Estul Munteniei
Estul Olteniei
Estul Transilvaniei
Eswatini
Etc/Rome and Italy
Ethiopia
Ethiopia and Eritrea
Etruria
Etrurien
Euphrates
Eurasia
Eurasia and Africa
Europe
Europe and Eurasia
Faroe Islands
Fars
Fertile Crescent
Finland
Flanders
Florida
France
French Empire
Galați County
Galicia
Galicia and neighbouring areas in NW Spain
Gaul
Gaza
Gaza Strip
Georgia
Georgia (country
Germania
Germany
Germany. Eastern Empire. England & Scotland. The World
Germany. Eastern Empire. England/ England & Scotland. The World
Ghana
Gibraltar
Giurgiu County
Gloucestershire
Gordion
Gorj County
Granada
Granada (Spain
Great Britain
Greater Armenia
Greater Chiriqui
Greater Poland
Greece
Greece ; Northern Greece ; Crete
Greece except Crete
Greece; Anatolia; Egypt; Babylon; India
Greek Empire
Greek colonies established at Emporion and Rhode
Greenland
Grenada
Griechenland
Griechische Kultur
Guam
Guatemala
Guernsey
Guinea-Bissau
Gujarat
Gulf of Chiriquí
Guyana
Habsburg Monarchy
Haftavan Tepe
Haiti
Hamburg
Hamburg (Germany
Hampshire and the Isle of Wight
Hannover (Germany
Harghita County
Hellenistic and Roman Egypt
Hesse (Germany
Hili
Himyar
Hindu India
Hindu Kush
Hispaniola
Hokkaido
Hokkaidō
Holland
Holy Land
Holy Roman Empire
Honduras
Honshu
Hunedoara County
Hungary
Ialomița County
Iași County
Iberia
Iberian Peninsula
Iceland
Ilfov County
Illinois
India
India to Egypt
Indiana
Indochina
Indonesia
Indostan
Indus Valley
Indus Valley Civilization
Interior North Africa
Ionian Islands
Iowa
Iran
Iran; Persia
Iran; southern Iraq; much of Syria
Iraq
Iraq and Syria
Iraq and the Persian Gulf
Ireland
Island of Ireland
Isle of Man
Israel
Italian peninsula
Italy
Italy less Sicily
Ivory Coast
Jamaica
Japan
Jazira and Syria
Jemdet Nasr
Jersey
Jerusalem
Jews
Jibal (ancient Media) in central and western Iran
Jordan
Judaea
Judea
Kabul to Punjab and Kashmir; Pakistan
Kakegawa
Kakegawa-shi (Japan
Kalba
Kansas
Kashmir
Kazakhstan
Kent county and parts of East Sussex and Greater London
Kentucky
Kenya
Kerala
Khalka (northern Mongolia
Khalkas
Khartpert
Khurasan
Khurasan and Transoxania
Khurasan; Baghdad; Iraq
Khuzestan
Khuzestan/Southwest Iran
Kievan Rus
Kingdom of Aragon
Kingdom of Castile
Kingdom of Serbia
Kingdom of the Two Sicilies
Kirman
Korea
Korean Peninsula
Kosovo
Kostolac Culture
Kupa River Valley (Croatia
Kuwait
Kuyavia
Kyrgyzstan
Kyushu
La Tène (north-west Switzerland
Lachish
Lagash in southern Mesopotamia
Land of Israel
Laos
Larsa
Late Roman Empire
Latium
Latvia
Lazio
Leautong
Lebanon
Leicestershire and Rutland
Leon
Lepcis Magna
Lesotho
Lesser Poland
Levant
Levant and Iran
Levant and upper Mesopotamia
Levant/Arabia
Levant/Mesopotamia
Levant/Mesopotamia/Iran
Levant/Mesopotamia/Iran/Northern Arabia
Levant/Northern Arabia
Liberia
Libya
Liechtenstein
Lincolnshire and parts of Yorkshire
Lithuania
Liège
Liège (Belgium
Lombardy
Lombardy (Italy
London
London (England
Louisiana
Lower Carniola (Slovenia
Lower Egypt
Lower Nubia
Lower Pecos River Region
Lublin Region
Luxembourg
Lydia
MENA
Macedonia
Madagascar
Maghreb
Maine
Majorca
Majorca (Spain
Malawi
Malaya
Malaysia
Mali
Malta
Maramures
Maramures si nordul Transilvaniei
Maramuresul istoric
Maramureș
Maramureș County
Maranhão (Brazil
Mardin and Mayyafariqin
Marne-Champagne
Maryland
Masovia
Massachusetts
Mauritania
Mauritius
Media
Mediolanum
Mediterranean Basin
Mediterranean and Black Sea region
Mediterranean coast of the Middle East
Mediterranean islands
Mediterranean littoral
Mehedinți County
Mendoza
Mesoamerica
Mesopotamia
Mespotamia
Messenia
Messina (Italy
Mexico
Mexico City
Mexico City (Mexico
Michigan
Middle East
Middle East and parts of Europe
Middle Eastern and European empire
Middle Egypt
Middle Sava River Valley (Croatia
Milan
Milan (Italy
Minnesota
Mississippi
Mississippi Valley region of the United States
Missouri
Moesi
Mogholistan and eastern Turkistan
Mogulestan
Moldova
Moldova Centrală
Moldova centrala si de sud
Moldova de sud
Monaco
Mongolia
Mongolia; China; 'Abbasid empire; south Russian steppes; central Europe
Montenegro
Montserrat
Morocco
Morocco; Spain
Moscow (Russia
Mosel-Rhineland
Mosul; Ayyubid territory in the Jazira
Mozambique
Muntenia
Muntenia  si sud-estul Transilvaniei
Muntenia and Oltenia
Muntenia centrala si de vest
Muntenia de est
Muntenia de sud
Mureș County
Mureș Culture
Muscel (Romania : Județ
Myanmar
Myanmar [Burma
Mycenae
Nabataean Incense Road
Namazga-depe in south-west Turkmenistan
Namibia
Naples
Naples (Italy
Naples (Kingdom
Neamț County
Near East
Near East and Greece
Near East; Southwest Asia; Levant
Neo-Assyrian Empire
Nepal
Nepal Valley and surrounding areas
Netherlands
Neuquén Province
Nevada
New England
New England & New York
New England and New York
New Hampshire
New Jersey
New Mexico
New South Wales
New Western Empire/France
New York
New Zealand
Nicaragua
Nigeria
Nord-Estul Munteniei
Nord-estul Munteniei
Nord-estul Olteniei
Nordul Munteniei si nord-estul Olteniei
Nordul și Centrul Moldovei
Noricum
North Africa
North Africa and Spain
North Africa; Egypt; southern Syria
North Alaskan coast
North America
North American colonies of England and France
North Carolina
North Central Iran
North Macedonia
North Syria
North coast of Canada to Greenland
Northamptonshire
Northeast Iran
Northern (Russia
Northern Atlantic coast between Newfoundland and Maine
Northern Europe
Northern Greece
Northern India
Northern Iran
Northern Ireland
Northern Levant
Northern Mesopotamia
Northern Mexico
Northern and Western Europe
Northwest Iran
Norway
Nottinghamshire
Nova Scotia
Nubia and Sudan
Nubia; Sudan
Numidia
Nuzi
Ogasa
Ogasa-gun (Japan
Ohio
Okinawa
Okinawa Islands
Old City of Jerusalem and its Walls
Olt County
Oltenia
Oman
Oppidum de Bibracte
Orinoco River
Ottoman Empire
Pakistan
Pakistan and western India
Palatinate (Germany
Palermo
Palermo (Italy
Palestine
Palestine and Neighboring Areas (Mesopotamia
Palmyra
Panama
Pannonia
Papacy
Papal States
Paraguay
Paris
Paris (France
Parthia
Parts of central continental western Europe
Pará (Brazil
Peloponnese
Peloponnesus
Pennsylvania
Pensilvania
Pensilvania Maryland and Virginia
People's Republic of China
Pernambuco (Brazil
Persia
Peru
Petra
Philadelphia
Philadelphia (Pa
Philippines
Phoenicia
Pisa (Italy
Pittsburgh (Pa
Ploiești
Ploiești (Romania
Poland
Pomerania
Pompeii
Portugal
Požega Valley (Croatia
Prahova County
Principality of Serbia
Provence (France
Prussia
Puerto Rico
Punjab
Qataban kingdom
Qatar
Québec
Raetia
Raipur
Rajasthan
Ras Shamra
Rascia
Ratanpur
Republic of America
Republic of Ireland
Republic of Macedonia
Republic of the Congo
Rhineland (Germany
Rhode Island
Rio Chiriquí region
Rio Grande do Sul (Brazil
River Po
Rom
Roman Britain
Roman Egypt
Roman Empire
Roman Republic
Romania
Rome
Rome (Italy
Ruanda-Urundi
Ruhr (Germany
Rumeilah
Russia
Rwanda
Réunion
Römische Kultur
SW-Slovakia
Saba? kingdom
Saint Kitts and Nevis
Saint Lucia
Saint Vincent and the Grenadines
Saint-Nazaire
Saint-Nazaire (France
Samarkand (modern Uzbekistan); Transoxiana; Khurasan; Persia
Sambhar
San Juan
San Marino
Sarawak (Malaysia
Sardinia
Sasanian eastern provinces
Satu Mare County
Saudi Arabia
Scordisci
Scotland
Seleucid Empire
Serbia
Serbian Despotate
Serbian Empire
Serbian Grand Principality
Shikoku
Shimonoseki-shi (Japan
Shiraz
Siberia
Sibiu County
Sicilien und Kampanien
Sicily
Siena (Italy
Sierra Leone
Silesia
Sindh (Pakistan
Singapore
Slovakia
Slovenia
Sogdiana or Sogdia
Somalia
Someșul Cald și Someșul Rece
Somogyvár-Vinkovci Culture
South Africa
South America
South Asia
South Carolina
South Caucasus
South India
South Indian kingdom based in the Deccan Plateau
South Levant
South Sudan
South eastern Kazakhstan
South-Central Arizona
Southeast China
Southeast Iran
Southeast New Arizona
Southeastern Norway
Southern
Southern Africa
Southern Arabia
Southern China
Southern France
Southern Iran
Southern Levant
Southern Mesopotamia
Southern New Mexico
Southern Norway
Southern Poland
Southern Zagros
Southwest Iran
Southwestern Colorado / San Juan Basin
Soviet Union
Spain
Spain and Portugal
Spain and Western Sicily
Spain less Galicia
Spanish America
Spanish Netherlands
Sri Lanka
St Vincent
St. Domingo
Starčevo Culture
State of Palestine
Styria
Styria (Austria
Sud-estul Munteniei
Sud-estul Olteniei
Sud-estul Transilkvaniei
Sud-estul Transilvaniei
Sudan
Sudul Banatului și Oltenia
Sudul Moldovei
Sudul Munteniei și Olteniei
Sudul Olteniei
Sudul si sud-estul Transilvanieei
Suffolk
Suffolk and parts of Cambridgeshire
Sultanate of Oman
Sumer
Suriname
Suroeste de Alemania
Surrey
Suse
Swaziland
Sweden
Switzerland
Syria
Syria and Asia Minor
Syria and Mesopotamia
Syria; All of North Africa west of Egypt; Spain
Sălaj County
Taiwan
Tajikistan
Tara Hategului
Tara Lapusului
Tarragona
Tarragona (Spain
Tarut and Failaka
Tauric Chersonesos
Tel Qashish
Teleorman County
Tell Jidle
Tell Qasile
Tennessee
Teotihuacan
Teritoriul dintre Tisa și Nistru
Terni
Terni (Italy
Terra Firma
Texas
Thailand
The Levant
The Persian Empire
The Roman Empire
The name Cappadocia refers to a historical region of central Anatolia
Thessaly
Thibet
Thrace
Tibet
Ticonderoga (N.Y
Timiș County
Tokyo
Tokyo (Japan
Transcaucasia and Anatolia
Transdanubia (Hungary
Transilvania
Transilvania centrala si de vest
Transoxiana
Transoxiana; Uzbek Republic
Transvaal (South Africa
Transylvania (Romania
Tremecen
Triballi
Trieste (Italy : Province
Trinidad and Tobago
Tripoli
Tripolitania
Troade (Hissarlik
Troy
Tukharistan; Hindu Kush
Tulcea
Tulcea County
Tunis
Tunis and Tripoli
Tunisia
Turdaș-Vinča Culture
Turkey
Turkey and Eastern Aegean
Turkmenistan
Turks and Caicos Islands
Tuscany
Ucraina de nord si centrala
Udhruh (Southern Jordan
Uganda
Ugarit
Ukraine
Ukrainian/south Russian steppes
Umbria
United Arab Emirates
United Kingdom
United States
United States of America
Upper Egypt
Upper Sava River Valley (Croatia
Upper Silesia
Ur
Urartu kingdom
Urnfield Culture
Uruguay
Uruk
Utah
Uzbekistan
Valea inferioara a Muresului
Valea inferioară a Mureșului
Valencia (Spain
Valencian Community
Vaslui County
Vatican City
Vatin Culture
Vaud (Switzerland
Veneto
Venezuela
Venice
Venice (Italy
Veracruz (Veracruz-Llave
Vermont
Vestul Dobrogei
Vestul Munteniei
Vestul Olteniei
Vestul Transilvaniei si Crisana
Vicenza (Italy : Province
Vieques Island (Puerto Rico
Vietnam
Virginia
Visapour
Vlastimirović Dynasty
Vojislavljević Dynasty
Vrancea County
Vukanović Dynasty
Vučedol Culture
Vâlcea County
Wadi Jawf
Warwickshire
West Bank
West India
West Virginia
Western Europe
Western Greece
Western Macedonia
Western Panama
Western Panama; parts of Costa Rica
Western Roman Empire
Western Sahara
Wielkopolska (Poland
Wilhelmshaven
Wilhelmshaven (Germany
Wiltshire
Wiltshire and Somerset
Worcestershire
World
Württemberg (Germany
Yemen
Yucatán (Mexico
Yugoslavia
Zagros
Zagros region
Zambia
Zimbabwe
Zona circumscrisa muntilor Apuseni
Zona de ocupație se restrânge la Mureșul Mijlociu
Zululand
along the Mediterranean coastline from the Aegean to Egypt
ancient Judaea
ancient Mediterranean
ancient Middle East
ancient Near East
ancient Peru
ancient Pylos
ancient Rome
ancient Yemen
ancient region of Sumer
and Europe
and Upper Mesopotamia
and also to those settlements of North Africa around Carthage
and the neighbouring region of the eastern Arabian coast
and western Iran
aproximativ între râurile Dâmbovița în est și Desnățui în vest
as far as Egypt
bazinul Bistritei si pe Versantul de vest al Carpatilor Rasariteni
capital at Jiankang
central Balkans
central Caucasus
central Thailand
central Thailand and in southern Burma
central Turkey
central to southern Arizona
central upland Sri Lanka
centrul
classical Chorasmia on the lower Oxus
coastal Ecuador
concentrare mai mare în zona Câmpiei Siretului
eastern Anatolia
eastern Balkans
eastern Khurasan and northern Afghanistan
eastern Mediterranean
eastern North America
eastern South Arabia
eastern Turkey
especially Europe and Asia
especially Northern Hemisphere
estul Munteniei si Sudul Moldovei
etc
fortress of Qasr Ibrim
fără Bugeac și Bucovina
hills of Nepal
la nord de Dunăre
land of Elam
large parts of Karnataka
modern Dorset
modern East Anglia - Norfolk
modern Hampshire and West Sussex
most of Anatolia
most of central and north India
most of the Northern Hemisphere
much of Eurasia
nord-estul Munteniei
nord-estul câmpiei Tisei
nord-vestul Banatului
nordul Bulgariei
north Deccan
north western Syria
north-central Anatolia and Cappadocia
north-east Iran
north-eastern Iraq and Kurdistan; northern Syria
north-eastern Scotland
north-west Deccan
north-west Pakistan to south-east Iran
north-west of Kathmandu
north-western Mesopotamia
northern Anatolia
northern Chile
northern India
northern Levant
northern Mesopotamia
northern Mesopotamia or Assyria (= today's north Iraq and north-east Syria
northern Thailand
on the banks of the Nile
other parts of the world
parts and parts of Herefordshire
parts of Karnataka in the Deccan
parts of Kent
parts of Orissa and West Bengal
parts of Somerset
parts of the Caucasus
pe întreg teritoriul regiunilor Crişana şi Maramureş (exceptând zona montană
pre-Roman Italy
presently north-east Syria
region encompassing the tributaries of the Indus and Ganges rivers
region later known as Elam
region of Morocco
regions of Persia
several other places
south-east Afghanistan and north-west Pakistan
south-east Turkey and northern Iraq
south-eastern Morocco
southern Anatolia
southern India
southern Iran; Persia
southern Iraq and much of the Fertile Crescent
southern Karnataka and part of Tamil Nadu
southern Mesopotamia
southern Turkey
sudul
sudul Moldovei
sudul Munteniei
the Eastern Empire
the Euphrates in the west and parts of Babylonia in the south
the Levant
the Netherlands
the Western Empire
the kingdoms of the Goths
the whole region between China and Indostan; Thibet
the world
vestul Buceagului
vestul Maramureșului
west central Turkey
west-central Austria
western China
western India
western Turkey
western and central India
western part of the Bahmanid Sultanate at Bijapur
în nord și râurile Crasna și Barcău
în sud
în zona de câmpie a Munteniei și Olteniei
între Câmpia Careiului și Colinele Tășnadului
între Râul Mosiștea și până aproape de Jiu
北海道
本州・四国・九州
本州・四国・九州・北海道
沖縄
